Model,MAE,RMSE,MASE,Bias
Seasonal naive,2318.5205853174602,3006.7608119599954,1.7323861105302625,1731.750705891331
Naive,3783.2029342185588,4459.108546494938,2.826788883420749,-882.479948870571
Mean,3788.8331219242546,4397.29969422285,2.830995729390888,481.00564606537705
Drift,4339.890674447435,5117.957264105131,3.242742968617252,1006.8021780426944
