Metric,Value
MAE,3041.883432019669
RMSE,4509.773605480272
MAPE,5.712061862746127
SMAPE,5.615527040434955
Bias,-259.1487718885271
R-squared,0.7961103705270249
